INSERT INTO COTIZACIONES (MONEDA, TASA_CAMBIO) VALUES ('ARS', 1.00), ('USD', 1550.00), ('EUR', 1680.00), ('BRL', 280.00), ('CLP', 1.45);
INSERT INTO TARJETAS (NUMERO, TITULAR, LIMITE_CREDITO) VALUES ('4500123412340001', 'Juan Perez', 1500000.0), ('4500123412340002', 'Maria Gomez', 1200000.0), ('4500123412340003', 'Carlos Diaz', 2000000.0), ('4500123412340004', 'Ana Martinez', 800000.0), ('4500123412340005', 'Pedro Sanchez', 1000000.0), ('4500123412340006', 'Laura Torres', 950000.0), ('4500123412340007', 'Diego Lopez', 1100000.0), ('4500123412340008', 'Sofia Ramirez', 1300000.0), ('4500123412340009', 'Jorge Romero', 1600000.0), ('4500123412340010', 'Lucia Fernandez', 1800000.0);
INSERT INTO CONSUMOS (ID_TARJETA, MONTO, DIA, MES, ANIO, RUBRO, MONEDA) VALUES (1, 4500.0, 1, 5, 2026, 'SUPERMERCADO', 'ARS'), (1, 20.0, 2, 5, 2026, 'OTROS', 'USD'), (1, 8000.0, 3, 5, 2026, 'COMBUSTIBLE', 'ARS'), (1, 55.0, 5, 5, 2026, 'INDUMENTARIA', 'EUR'), (1, 12000.0, 6, 5, 2026, 'RESTAURANTES', 'ARS'), (1, 3500.0, 8, 5, 2026, 'SUPERMERCADO', 'ARS'), (1, 15.0, 10, 5, 2026, 'OTROS', 'USD'), (1, 9000.0, 12, 5, 2026, 'COMBUSTIBLE', 'ARS'), (1, 40.0, 14, 5, 2026, 'INDUMENTARIA', 'EUR'), (1, 15000.0, 16, 5, 2026, 'RESTAURANTES', 'ARS'), (1, 5500.0, 18, 5, 2026, 'SUPERMERCADO', 'ARS'), (1, 25.0, 20, 5, 2026, 'OTROS', 'USD'), (1, 7500.0, 22, 5, 2026, 'COMBUSTIBLE', 'ARS'), (1, 60.0, 25, 5, 2026, 'INDUMENTARIA', 'EUR'), (1, 18000.0, 28, 5, 2026, 'RESTAURANTES', 'ARS');
INSERT INTO CONSUMOS (ID_TARJETA, MONTO, DIA, MES, ANIO, RUBRO, MONEDA) VALUES (2, 45000.0, 1, 5, 2026, 'INDUMENTARIA', 'ARS'), (2, 12.5, 4, 5, 2026, 'OTROS', 'USD'), (2, 30000.0, 8, 5, 2026, 'SUPERMERCADO', 'ARS'), (2, 5000.0, 12, 5, 2026, 'COMBUSTIBLE', 'ARS'), (2, 100.0, 18, 5, 2026, 'RESTAURANTES', 'BRL'), (2, 22000.0, 22, 5, 2026, 'SUPERMERCADO', 'ARS'), (2, 15.0, 28, 5, 2026, 'OTROS', 'USD');
INSERT INTO CONSUMOS (ID_TARJETA, MONTO, DIA, MES, ANIO, RUBRO, MONEDA) VALUES (3, 120.0, 5, 5, 2026, 'OTROS', 'USD'), (3, 45.0, 6, 5, 2026, 'SUPERMERCADO', 'EUR'), (3, 800.0, 10, 5, 2026, 'RESTAURANTES', 'BRL'), (3, 15000.0, 12, 5, 2026, 'OTROS', 'CLP'), (3, 15.0, 25, 5, 2026, 'INDUMENTARIA', 'USD'), (3, 60000.0, 28, 5, 2026, 'COMBUSTIBLE', 'ARS');
INSERT INTO CONSUMOS (ID_TARJETA, MONTO, DIA, MES, ANIO, RUBRO, MONEDA) VALUES (4, 20000.0, 15, 4, 2026, 'OTROS', 'ARS'), (4, 5000.0, 28, 4, 2026, 'COMBUSTIBLE', 'ARS'), (4, 35000.0, 2, 5, 2026, 'SUPERMERCADO', 'ARS'), (4, 10000.0, 18, 5, 2026, 'RESTAURANTES', 'ARS'), (4, 25.0, 20, 5, 2026, 'INDUMENTARIA', 'USD');
INSERT INTO CONSUMOS (ID_TARJETA, MONTO, DIA, MES, ANIO, RUBRO, MONEDA) VALUES (5, 10000.0, 1, 5, 2026, 'SUPERMERCADO', 'ARS'), (5, 15000.0, 8, 5, 2026, 'SUPERMERCADO', 'ARS'), (5, 22000.0, 15, 5, 2026, 'SUPERMERCADO', 'ARS'), (5, 8000.0, 22, 5, 2026, 'SUPERMERCADO', 'ARS'), (5, 4000.0, 23, 5, 2026, 'COMBUSTIBLE', 'ARS'), (5, 12000.0, 25, 5, 2026, 'RESTAURANTES', 'ARS'), (5, 50.0, 27, 5, 2026, 'OTROS', 'USD'), (5, 18000.0, 29, 5, 2026, 'INDUMENTARIA', 'ARS');
INSERT INTO CONSUMOS (ID_TARJETA, MONTO, DIA, MES, ANIO, RUBRO, MONEDA) VALUES (6, 25000.0, 2, 5, 2026, 'OTROS', 'ARS'), (6, 45.0, 10, 5, 2026, 'INDUMENTARIA', 'EUR'), (6, 32000.0, 15, 5, 2026, 'SUPERMERCADO', 'ARS'), (6, 8500.0, 20, 5, 2026, 'COMBUSTIBLE', 'ARS'), (6, 120.0, 28, 5, 2026, 'RESTAURANTES', 'BRL'), (6, 4000.0, 3, 5, 2026, 'OTROS', 'ARS'), (6, 25.0, 6, 5, 2026, 'INDUMENTARIA', 'USD'), (6, 15000.0, 12, 5, 2026, 'SUPERMERCADO', 'ARS'), (6, 6500.0, 18, 5, 2026, 'COMBUSTIBLE', 'ARS'), (6, 80.0, 22, 5, 2026, 'RESTAURANTES', 'EUR'), (6, 12000.0, 25, 5, 2026, 'OTROS', 'ARS'), (6, 35.0, 27, 5, 2026, 'INDUMENTARIA', 'USD');
INSERT INTO CONSUMOS (ID_TARJETA, MONTO, DIA, MES, ANIO, RUBRO, MONEDA) VALUES (7, 5000.0, 3, 5, 2026, 'RESTAURANTES', 'ARS'), (7, 8000.0, 5, 5, 2026, 'SUPERMERCADO', 'ARS'), (7, 12000.0, 8, 5, 2026, 'COMBUSTIBLE', 'ARS'), (7, 4500.0, 12, 5, 2026, 'OTROS', 'ARS'), (7, 25000.0, 15, 5, 2026, 'INDUMENTARIA', 'ARS'), (7, 10.0, 18, 5, 2026, 'OTROS', 'USD'), (7, 30000.0, 22, 5, 2026, 'SUPERMERCADO', 'ARS'), (7, 7500.0, 25, 5, 2026, 'RESTAURANTES', 'ARS'), (7, 15000.0, 28, 5, 2026, 'COMBUSTIBLE', 'ARS');
INSERT INTO CONSUMOS (ID_TARJETA, MONTO, DIA, MES, ANIO, RUBRO, MONEDA) VALUES (8, 40000.0, 3, 5, 2026, 'COMBUSTIBLE', 'ARS'), (8, 55000.0, 14, 5, 2026, 'INDUMENTARIA', 'ARS'), (8, 20.0, 21, 5, 2026, 'OTROS', 'USD'), (8, 15000.0, 24, 5, 2026, 'SUPERMERCADO', 'ARS'), (8, 12000.0, 26, 5, 2026, 'RESTAURANTES', 'ARS'), (8, 30.0, 28, 5, 2026, 'OTROS', 'EUR');
INSERT INTO CONSUMOS (ID_TARJETA, MONTO, DIA, MES, ANIO, RUBRO, MONEDA) VALUES (9, 15000.0, 5, 5, 2026, 'SUPERMERCADO', 'ARS'), (9, 30.0, 11, 5, 2026, 'OTROS', 'EUR'), (9, 8500.0, 15, 5, 2026, 'COMBUSTIBLE', 'ARS'), (9, 22000.0, 18, 5, 2026, 'INDUMENTARIA', 'ARS'), (9, 45.0, 20, 5, 2026, 'RESTAURANTES', 'USD'), (9, 12000.0, 25, 5, 2026, 'SUPERMERCADO', 'ARS'), (9, 5000.0, 28, 5, 2026, 'OTROS', 'ARS');
INSERT INTO CONSUMOS (ID_TARJETA, MONTO, DIA, MES, ANIO, RUBRO, MONEDA) VALUES (10, 50000.0, 2, 5, 2026, 'OTROS', 'ARS'), (10, 100.0, 5, 5, 2026, 'RESTAURANTES', 'USD'), (10, 200.0, 10, 5, 2026, 'SUPERMERCADO', 'BRL'), (10, 25000.0, 28, 5, 2026, 'COMBUSTIBLE', 'ARS'), (10, 15000.0, 4, 5, 2026, 'INDUMENTARIA', 'ARS'), (10, 8000.0, 8, 5, 2026, 'SUPERMERCADO', 'ARS'), (10, 45.0, 12, 5, 2026, 'OTROS', 'EUR'), (10, 32000.0, 16, 5, 2026, 'COMBUSTIBLE', 'ARS'), (10, 18000.0, 20, 5, 2026, 'RESTAURANTES', 'ARS'), (10, 5500.0, 24, 5, 2026, 'OTROS', 'ARS'), (10, 120.0, 26, 5, 2026, 'INDUMENTARIA', 'BRL');